{
  "total_records": 40921,
  "target_distribution": {
    "1": 21152,
    "0": 19769
  },
  "gender_distribution": {
    "Female": 23059,
    "Male": 17086,
    "Unknown": 691,
    "Other": 85
  },
  "age_distribution": {
    "51 to 64": 14934,
    "41 to 50": 7395,
    "31 to 40": 5379,
    "11 to 20": 4245,
    "21 to 30": 3667,
    "0 to 10": 2842,
    "65+": 1768,
    "Unknown": 691
  },
  "overturn_rate_by_gender": {
    "Female": 0.52595515850644,
    "Male": 0.5113543251785088,
    "Other": 0.6352941176470588,
    "Unknown": 0.33719247467438496
  },
  "overturn_rate_by_age": {
    "0 to 10": 0.6590429275158339,
    "11 to 20": 0.5550058892815076,
    "21 to 30": 0.5451322607035725,
    "31 to 40": 0.5318832496746607,
    "41 to 50": 0.4854631507775524,
    "51 to 64": 0.49805812240524977,
    "65+": 0.45361990950226244,
    "Unknown": 0.33719247467438496
  }
}